{
    "audio": {
        "Radio": {
            "device": "Speakers (Realtek High Definiti",
            "sampleRate": 48000.0,
            "volume": 0.602150559425354
        }
    },
    "bandPlan": "General",
    "bandPlanEnabled": true,
    "fftHeight": 300,
    "frequency": 99000000,
    "max": 0.0,
    "maximized": false,
    "menuWidth": 300,
    "min": -51.47058868408203,
    "showWaterfall": true,
    "source": "HackRF One #0 901868dc282c8f8b",
    "sourceSettings": {
        "Generic RTL2832U OEM :: 00000001": {
            "gains": {
                "TUNER": 0.0
            },
            "sampleRate": 2560000
        },
        "HackRF One #0 901868dc282c8f8b": {
            "gains": {
                "AMP": 0.0,
                "LNA": 24.503000259399414,
                "VGA": 16.229999542236328
            },
            "sampleRate": 8000000
        },
        "PulseAudio": {
            "sampleRate": 96000
        }
    },
    "windowSize": {
        "h": 720,
        "w": 1280
    }
}